epoch,train_loss,valid_loss,metric_idx,metric_idx,metric_idx,metric_tot,time
0,1.267094,0.336701,0.871833,0.943448,0.944239,0.907838,10:35
1,1.170988,0.343354,0.908002,0.947485,0.911696,0.918796,10:29
2,1.081198,0.255859,0.923916,0.963594,0.967148,0.944643,10:24
3,1.033862,0.222633,0.937330,0.968679,0.968292,0.952907,10:29
4,1.041413,0.220971,0.941964,0.967896,0.962660,0.953621,10:25
