epoch,train_loss,valid_loss,metric_grapheme,metric_vowel,metric_consonant,metric_tot,time
0,1.174384,0.288181,0.891590,0.952455,0.935910,0.917886,10:14
1,1.089922,0.255018,0.911820,0.961019,0.953338,0.934499,10:14
2,1.028402,0.251002,0.929513,0.964613,0.955177,0.944704,10:10
3,0.952945,0.199006,0.939183,0.971119,0.960847,0.952583,10:15
4,0.919682,0.218648,0.943121,0.974681,0.970624,0.957887,10:11
5,0.891692,0.204846,0.946303,0.975603,0.972165,0.960094,10:09
6,0.857142,0.173876,0.950219,0.976080,0.970065,0.961646,10:10
7,0.837936,0.206799,0.945050,0.977956,0.974435,0.960622,10:17
8,0.836988,0.191964,0.950441,0.978616,0.972289,0.962947,10:16
